{
  "id": "2474c300-20ba-4668-8fce-29c597073ed5",
  "feature_type": "Flashcards",
  "content": {
    "flashcards": [
      {
        "question": "What is the fundamental idea of neuromorphic computing?",
        "answer": "Simulation of the complex, multi-threaded processing of the human brain",
        "hint": "Think about how the human brain works"
      },
      {
        "question": "What is the name of the type of neural networks that function on the basis of discrete neural events?",
        "answer": "Spiking Neural Networks (SNNs)",
        "hint": "Look for the type of neural networks that are event-driven"
      },
      {
        "question": "What is the advantage of neuromorphic architectures in terms of energy consumption?",
        "answer": "Lower overall energy consumption",
        "hint": "Think about how neuromorphic computing only computes in response to events"
      },
      {
        "question": "What is the benefit of neuromorphic architectures in processing neural data?",
        "answer": "Efficient processing with less latency and energy consumption",
        "hint": "Think about how neuromorphic computing handles spatiotemporal data"
      },
      {
        "question": "What is the application of neuromorphic computing in BMIs that facilitates instantaneous feedback?",
        "answer": "Real-Time Feedback Systems",
        "hint": "Think about how neuromorphic architectures can facilitate low latency processing and dynamic adaptation"
      }
    ]
  },
  "timestamp": "2025-06-07T13:02:18.539181"
}