{
  "id": "f772c223-63c0-403a-9ee9-6a539479dc5c",
  "feature_type": "Quiz",
  "content": {
    "mcqs": [
      {
        "mcq": "What is the critical issue in brain-machine interfaces (BMIs)?",
        "options": {
          "a": "Security",
          "b": "Privacy",
          "c": "Performance",
          "d": "Cost"
        },
        "correct": "b"
      },
      {
        "mcq": "What is the underlying principle of neuromorphic computing?",
        "options": {
          "a": "Simulation of the human brain",
          "b": "Simulation of the human heart",
          "c": "Simulation of the human body",
          "d": "Simulation of the human mind"
        },
        "correct": "a"
      },
      {
        "mcq": "What is the fundamental idea of neuromorphic architectures?",
        "options": {
          "a": "Biologically-Inspired Architecture",
          "b": "Artificially-Inspired Architecture",
          "c": "Logically-Inspired Architecture",
          "d": "Mathematically-Inspired Architecture"
        },
        "correct": "a"
      },
      {
        "mcq": "What is the basic component of neuromorphic computing?",
        "options": {
          "a": "Spiking Neural Networks (SNNs)",
          "b": "Artificial Neural Networks (ANNs)",
          "c": "Recurrent Neural Networks (RNNs)",
          "d": "Convolutional Neural Networks (CNNs)"
        },
        "correct": "a"
      },
      {
        "mcq": "What is the need for neuromorphic BMI research?",
        "options": {
          "a": "Scalable hardware",
          "b": "Adaptive learning algorithms",
          "c": "Ethical considerations",
          "d": "All of the above"
        },
        "correct": "d"
      },
      {
        "mcq": "What is the need for regulatory approval for medical applications?",
        "options": {
          "a": "Security",
          "b": "Effectiveness",
          "c": "Dependability",
          "d": "All of the above"
        },
        "correct": "d"
      },
      {
        "mcq": "What is the guiding principle of ethical frameworks?",
        "options": {
          "a": "Non-maleficence",
          "b": "Beneficence",
          "c": "Justice",
          "d": "Respect for autonomy"
        },
        "correct": "d"
      },
      {
        "mcq": "What is the need for societal impacts of neuromorphic BMI technology?",
        "options": {
          "a": "Societal acceptance",
          "b": "Equity concerns",
          "c": "Implications for the healthcare system",
          "d": "All of the above"
        },
        "correct": "d"
      },
      {
        "mcq": "What is the need for future directions in neuromorphic BMI research?",
        "options": {
          "a": "Unsupervised learning",
          "b": "Supervised learning",
          "c": "Reinforcement learning",
          "d": "Self-supervised learning"
        },
        "correct": "a"
      },
      {
        "mcq": "What is the need for neuromorphic BMI technology?",
        "options": {
          "a": "Tackling ethical and regulatory issues",
          "b": "Advancing research",
          "c": "Improving performance",
          "d": "Reducing cost"
        },
        "correct": "a"
      }
    ]
  },
  "timestamp": "2025-06-07T13:01:32.784173"
}